Workbook
Name \0: #REF!
Name \a: #REF!
Name \b: #REF!
Name \I: #REF!
Name \P: #REF!
Name _msg1: #REF!
Name _msg2: #REF!
Name _sub1: #REF!
Name _Sub2: #REF!
Name aa: #REF!
Name abc: #REF!
Name add: #REF!
Name AnswerData: #REF!
Name asf5r: #REF!
Name ASS: #REF!
Name autowidth: #REF!
Name Average_travel_Distance: #REF!
Name avg_water_heater_PJ: #REF!
Name base.year: '[1]Target Year Input'!$E$3
Name btu_per_watthr: #REF!
Name Clean: #REF!
Name coal.past: [1]XV.b.o!$B$12:$G$23
Name Constants.Density.Diesel: #REF!
Name Constants.Density.Ethanol: #REF!
Name Constants.Density.JetFuel: #REF!
Name Constants.Density.MotorSpirit: #REF!
Name Conversion.to.average.power: [1]Conversions!$E$93
Name Conversion.water.L: [1]Conversions!$E$159:$E$161
Name Conversion.water.units: [1]Conversions!$B$159:$B$161
Name Conversions.Area.m2: [1]Conversions!$E$83:$E$88
Name Conversions.Area.Units: [1]Conversions!$B$83:$B$88
Name Conversions.Energy.Joules: [1]Conversions!$E$6:$E$59
Name Conversions.Energy.Units: [1]Conversions!$B$6:$B$59
Name Conversions.Money.GBP: [1]Conversions!$F$106:$F$124
Name Conversions.Money.Units: [1]Conversions!$B$106:$B$124
Name Conversions.Power.Units: [1]Conversions!$B$65:$B$70
Name Conversions.Power.Watts: [1]Conversions!$E$65:$E$70
Name Cost.Capital.Scenario: [1]Control!$E$59
Name Cost.Finance.Scenario: [1]Control!$E$62
Name Cost.Fuel.Scenario: [1]Control!$E$60
Name Cost.Infrastructure.Scenario: [1]Control!$E$61
Name Cost_difference: #REF!
Name csp.capacity: [1]IV.b!$B$14:$E$24
Name D: #REF!
Name days_per_year: #REF!
Name discount_factors: '[1]Global assumptions'!$E$45:E$45
Name discount_rate: #REF!
Name dollar____per__m: #REF!
Name EF.BlastFurnaceGas.CO2: #REF!
Name EF.Diesel.CH4: #REF!
Name EF.Diesel.CO2: #REF!
Name EF.Diesel.N2O: #REF!
Name EF.IndustrialCoal.CH4: #REF!
Name EF.IndustrialCoal.CO2: #REF!
Name EF.IndustrialCoal.N2O: #REF!
Name EF.NaturalGas.CH4: #REF!
Name EF.NaturalGas.CO2: #REF!
Name EF.NaturalGas.N2O: #REF!
Name em_dash: #REF!
Name Empcol: #REF!

Sheet Demand_Projection
A1: Crude Steel Production
A2: Year | B2: MT
A3: 2000 | B3: 26.889 | D3: CAGR between 2000-23 | E3: =(B26/B3)^(1/(A26-A3))-1 -> 0.075785272
A4: 2001 | B4: 27.964
A5: 2002 | B5: 30.21
A6: 2003 | B6: 38.727
A7: 2004 | B7: 43.437
A8: 2005 | B8: 46.46
A9: 2006 | B9: 50.817
A10: 2007 | B10: 53.857
A11: 2008 | B11: 58.437
A12: 2009 | B12: 65.839
A13: 2010 | B13: 70.672
A14: 2011 | B14: 74.291
A15: 2012 | B15: 78.415
... A25: 2022 | B25: 127.197
A26: 2023 | B26: 144.299 | D26: The demand for steel has been projected assuming the Production of the Steel is at par with the consumption
A27: 2024 | B27: =B26*(1+E$3) -> 155.23474
A28: 2025 | B28: =B27*(1+E$3) -> 166.99925
A29: 2026 | B29: =B28*(1+E$3) -> 179.65533
A30: 2027 | B30: =B29*(1+E$3) -> 193.27056
A31: 2028 | B31: =B30*(1+E$3) -> 207.91762
A32: 2029 | B32: =B31*(1+E$3) -> 223.67471
A33: 2030 | B33: =B32*(1+E$3) -> 240.62596
A34: 2031 | B34: =B33*(1+E$3) -> 258.86187
A35: 2032 | B35: =B34*(1+E$3) -> 278.47978
A36: 2033 | B36: =B35*(1+E$3) -> 299.58445
A37: 2034 | B37: =B36*(1+E$3) -> 322.28854
A38: 2035 | B38: =B37*(1+E$3) -> 346.71326
... A43: 2040 | B43: =B42*(1+E$3) -> 499.57239

Sheet Fuel_Code
A1: Code | B1: Name
A2: MIN | B2: Domestic Production
A3: IMP | B3: Import | D3: of
A4: EXP | B4: Export | D4: by
A5: PRE | B5: Generic Process
A6: PWR | B6: Power
A7: NOE | B7: Non Energy
A8: ELC | B8: Centralised Electricity
A9: ELD | B9: Decentralised Electricity
A11: Energy by Supply Source and Type
A12: Code | B12: Name
A13: COA | B13: Coal
A14: COACC | B14: Coking Coal
A15: COANCC | B15: Non Coking Coal
A16: COACCO | B16: Coke
A17: H2 | B17: Hydrogen
A18: ELC | B18: Grid Electricity
A19: ELD | B19: Decentralised Electricity
A20: ELT | B20: Electricity
A21: GASNAT | B21: Natural Gas
A22: H2GRY | B22: Hydrogen - Grey
A23: H2GRN | B23: Hydorgen Green
A25: Process
A28: IIS | B28: Steel Production
A29: BF-BOF | B29: Blast Furnace Basic Oxygen Furnace
A30: DRI | B30: Direct Reduced Iron
A33: TPS | B33: Total Primary Supply
A36: MT | B36: Million Tonnes
A38: VASUDHA
A42: DTPS

Sheet Demand_Code
A1: Demand Code | B1: Demand Description
A2: =Fuel_Code!A2&Fuel_Code!A14 -> MINCOACC | B2: =Fuel_Code!B2&" "&Fuel_Code!D3&" "&Fuel_Code!B14 -> Domestic Production of Coking Coal
A3: =Fuel_Code!A2&Fuel_Code!A15 -> MINCOANCC | B3: =Fuel_Code!B2&" "&Fuel_Code!D3&" "&Fuel_Code!B15 -> Domestic Production of Non Coking Coal
A4: =Fuel_Code!A3&Fuel_Code!A14 -> IMPCOACC | B4: =Fuel_Code!B3&" "&Fuel_Code!D3&" "&Fuel_Code!B14 -> Import of Coking Coal
A5: =Fuel_Code!A3&Fuel_Code!A15 -> IMPCOANCC | B5: =Fuel_Code!B3&" "&Fuel_Code!D4&" "&Fuel_Code!B15 -> Import by Non Coking Coal
A6: =Fuel_Code!A4&Fuel_Code!A15 -> EXPCOANCC | B6: =Fuel_Code!B4&" "&Fuel_Code!D3&" "&Fuel_Code!B15 -> Export of Non Coking Coal
A7: =Fuel_Code!A2&Fuel_Code!A21 -> MINGASNAT | B7: =Fuel_Code!B2&" "&Fuel_Code!D3&" "&Fuel_Code!B21 -> Domestic Production of Natural Gas
A8: =Fuel_Code!A3&Fuel_Code!A21 -> IMPGASNAT | B8: =Fuel_Code!B3&" "&Fuel_Code!D3&" "&Fuel_Code!B21 -> Import of Natural Gas
A9: =Fuel_Code!$A$2&Fuel_Code!A22 -> MINH2GRY | B9: =Fuel_Code!$B$2&" "&Fuel_Code!$D$3&" "&Fuel_Code!B22 -> Domestic Production of Hydrogen - Grey
A10: =Fuel_Code!$A$2&Fuel_Code!A23 -> MINH2GRN | B10: =Fuel_Code!$B$2&" "&Fuel_Code!$D$3&" "&Fuel_Code!B23 -> Domestic Production of Hydorgen Green
A11: =Fuel_Code!A2&Fuel_Code!A20 -> MINELT | B11: =Fuel_Code!B20 -> Electricity
A12: =Fuel_Code!A$28&Fuel_Code!A29 -> IISBF-BOF | B12: =Fuel_Code!B$28&" "&"by"&" "&Fuel_Code!B29 -> Steel Production by Blast Furnace Basic Oxygen Furnace
A13: =Fuel_Code!A$28&Fuel_Code!A30 -> IISDRI | B13: =Fuel_Code!B$28&" "&"by"&" "&Fuel_Code!B30 -> Steel Production by Direct Reduced Iron

Sheet Pri_COA
B1: Sector Name | C1: Commodity | D1: Description | E1: Default Unit | H1: Currency Unit
C2: =Fuel_Code!A13 -> COA | D2: =Fuel_Code!B13 -> Coal | E2: PJ | H2: RS 2015 | M2: ~FI_Comm
M3: Csets | N3: Region | O3: CommName | P3: CommDesc | Q3: Unit | R3: LimType | S3: CTSLvl | T3: PeakTS | U3: Ctype
M4: *Commodity Set Membership | N4: Region Name | O4: Commodity Name | P4: Commodity Description | Q4: Unit | R4: Sense of the Balance EQN. | S4: Timeslice Level | T4: Peak Monitoring | U4: Electricity Indicator
M5: NRG | O5: =Fuel_Code!A14 -> COACC | P5: =D2 -> Coal | Q5: =$E$2 -> PJ
M6: NRG | O6: =Fuel_Code!A15 -> COANCC | P6: =Fuel_Code!B15 -> Non Coking Coal | Q6: =$E$2 -> PJ
M7: NRG | O7: =Fuel_Code!A21 -> GASNAT | P7: =Fuel_Code!B21 -> Natural Gas | Q7: =$E$2 -> PJ
M8: NRG | O8: =Fuel_Code!A23 -> H2GRN | P8: =Fuel_Code!B23 -> Hydorgen Green | Q8: =$E$2 -> PJ
M9: NRG | O9: =Fuel_Code!A20 -> ELT | P9: =Fuel_Code!B20 -> Electricity | Q9: =$E$2 -> PJ | U9: ELC
E10: ~FI_T
B11: TechName | C11: Comm-IN | D11: Comm-OUT | E11: Year | F11: LimType | G11: LIFE | H11: CUM | I11: COST | J11: ACT_BND | M11: ~FI_Process
B12: *Technology Name | D12: Output Commodity | H12: Reserves Cumulative Value | I12: Cost | J12: Annual Production Bound | M12: Sets | N12: Region | O12: TechName | P12: TechDesc | Q12: Tact | R12: Tcap | S12: Tslvl | T12: PrimaryCG | U12: Vintage
B13: *Units | H13: =$E$2 -> PJ | I13: =$H$2&"/"&$E$2 -> RS 2015/PJ | J13: =$E$2 -> PJ | M13: *Process Set Membership | N13: Region Name | O13: Technology Name | P13: Technology Description | Q13: Activity Unit | R13: Capacity Unit | S13: TimeSlice level of Process Activity | T13: Primary Commodity Group | U13: Vintage Tracking
B14: =O15 -> MINCOACC | D14: =Fuel_Code!A14 -> COACC | E14: 2025 | F14: UP | G14: 20 | M14: *
E15: 0 | J15: 5 | M15: =Fuel_Code!A$2 -> MIN | O15: =Demand_Code!A2 -> MINCOACC | P15: =Demand_Code!B2 -> Domestic Production of Coking Coal | Q15: =$E$2 -> PJ
B16: =O16 -> MINCOANCC | E16: 2025 | F16: UP | G16: 20 | M16: =Fuel_Code!A$2 -> MIN | O16: =Demand_Code!A3 -> MINCOANCC | P16: =Demand_Code!B3 -> Domestic Production of Non Coking Coal | Q16: =$E$2 -> PJ
E17: 0 | J17: 5 | M17: =Fuel_Code!A$2 -> MIN | O17: =Demand_Code!A7 -> MINGASNAT | P17: =Demand_Code!B7 -> Domestic Production of Natural Gas | Q17: =$E$2 -> PJ
B18: =O17 -> MINGASNAT | D18: =Fuel_Code!A21 -> GASNAT | E18: 2025 | F18: UP | G18: 20 | M18: =Fuel_Code!A$2 -> MIN | O18: =Demand_Code!A10 -> MINH2GRN | P18: =Demand_Code!B10 -> Domestic Production of Hydorgen Green | Q18: =$E$2 -> PJ
E19: 0 | J19: 5 | M19: =Fuel_Code!A$2 -> MIN | O19: =Demand_Code!A11 -> MINELT | P19: =Demand_Code!B11 -> Electricity | Q19: =$E$2 -> PJ
B20: =O18 -> MINH2GRN | D20: =Fuel_Code!A23 -> H2GRN | E20: 2025 | F20: UP | G20: 20 | M20: =Fuel_Code!A$3 -> IMP | O20: =Demand_Code!A4 -> IMPCOACC | P20: =Demand_Code!B4 -> Import of Coking Coal | Q20: =$E$2 -> PJ
E21: 0 | J21: 5 | M21: =Fuel_Code!A$3 -> IMP | O21: =Demand_Code!A5 -> IMPCOANCC | P21: =Demand_Code!B5 -> Import by Non Coking Coal | Q21: =$E$2 -> PJ
B22: =O19 -> MINELT | D22: =Fuel_Code!A20 -> ELT | E22: 2025 | F22: UP | G22: 20 | M22: =Fuel_Code!A$3 -> IMP | O22: =Demand_Code!A8 -> IMPGASNAT | P22: =Demand_Code!B8 -> Import of Natural Gas | Q22: =$E$2 -> PJ
E23: 0 | J23: 5 | M23: =Fuel_Code!A4 -> EXP | O23: =Demand_Code!A6 -> EXPCOANCC | P23: =Demand_Code!B6 -> Export of Non Coking Coal | Q23: =$E$2 -> PJ
B24: =O20 -> IMPCOACC | C24: =$O$5 -> COACC | E24: 2025 | G24: 20
B25: =O21 -> IMPCOANCC | C25: =Fuel_Code!A15 -> COANCC | E25: 2025 | G25: 20
B26: =O22 -> IMPGASNAT | C26: =O7 -> GASNAT | E26: 2025 | F26: UP
B27: =O23 -> EXPCOANCC | D27: =O6 -> COANCC

Sheet SEC_Process
B1: Sector Name | C1: Commodity | D1: Description | E1: Default Unit | H1: Currency Unit
B2: TPS | D2: =Fuel_Code!B13 -> Coal | E2: PJ | H2: RS 2015 | M2: ~FI_Comm
M3: Csets | N3: Region | O3: CommName | P3: CommDesc | Q3: Unit | R3: LimType | S3: CTSLvl | T3: PeakTS | U3: Ctype
M4: *Commodity Set Membership | N4: Region Name | O4: Commodity Name | P4: Commodity Description | Q4: Unit | R4: Sense of the Balance EQN. | S4: Timeslice Level | T4: Peak Monitoring | U4: Electricity Indicator
M5: NRG | O5: =Fuel_Code!A14 -> COACC | P5: =D2 -> Coal | Q5: =$E$2 -> PJ
M6: NRG | O6: =Fuel_Code!A15 -> COANCC | P6: =Fuel_Code!B15 -> Non Coking Coal
M7: NRG | O7: =Fuel_Code!A21 -> GASNAT | P7: =Fuel_Code!B21 -> Natural Gas
M8: NRG | O8: =Fuel_Code!A23 -> H2GRN | P8: =Fuel_Code!B23 -> Hydorgen Green
M9: NRG | O9: =Fuel_Code!A20 -> ELT | P9: =Fuel_Code!B20 -> Electricity
M10: NRG | O10: =Fuel_Code!A28&LEFT(Fuel_Code!A29,1) -> IISB | P10: =Fuel_Code!B28&" "&Fuel_Code!D4&" "&Fuel_Code!B29 -> Steel Production by Blast Furnace Basic Oxygen Furnace
M11: NRG | O11: =Fuel_Code!A28&LEFT(Fuel_Code!A30,1) -> IISD | P11: =Fuel_Code!B28&" "&Fuel_Code!D4&" "&Fuel_Code!B30 -> Steel Production by Direct Reduced Iron
E12: ~FI_T | M12: NRG | O12: =Fuel_Code!A28 -> IIS | P12: =Fuel_Code!B28 -> Steel Production
B13: TechName | C13: Comm-IN | D13: Comm-OUT | E13: Year | F13: LimType | G13: LIFE | H13: CUM | I13: COST | J13: ACT_BND
B14: *Technology Name | D14: Output Commodity | H14: Reserves Cumulative Value | I14: Cost | J14: Annual Production Bound | M14: ~FI_Process
B15: *Units | H15: =$E$2 -> PJ | I15: =$H$2&"/"&$E$2 -> RS 2015/PJ | J15: =$E$2 -> PJ | M15: Sets | N15: Region | O15: TechName | P15: TechDesc | Q15: Tact | R15: Tcap | S15: Tslvl | T15: PrimaryCG | U15: Vintage
B16: =O18 -> IISBF-BOF | C16: =O5 -> COACC | D16: =O10 -> IISB | E16: 2025 | F16: UP | G16: 20 | M16: *Process Set Membership | N16: Region Name | O16: Technology Name | P16: Technology Description | Q16: Activity Unit | R16: Capacity Unit | S16: TimeSlice level of Process Activity | T16: Primary Commodity Group | U16: Vintage Tracking
C17: =O6 -> COANCC | E17: 0 | J17: 5 | M17: *
C18: =O7 -> GASNAT | M18: PRE | O18: =Fuel_Code!A28&Fuel_Code!A29 -> IISBF-BOF | P18: =Fuel_Code!B28&" "&Fuel_Code!B29 -> Steel Production Blast Furnace Basic Oxygen Furnace | Q18: =$E$2 -> PJ
C19: =O8 -> H2GRN | M19: PRE | O19: =Fuel_Code!A28&Fuel_Code!A30 -> IISDRI | P19: =Fuel_Code!B28&" "&Fuel_Code!B30 -> Steel Production Direct Reduced Iron | Q19: PJ
C20: =O9 -> ELT
B21: =O19 -> IISDRI | C21: =O5 -> COACC | D21: =O11 -> IISD | E21: 2025 | F21: UP | G21: 20
C22: =O6 -> COANCC | E22: 0 | J22: 5
C23: =O7 -> GASNAT
C24: =O8 -> H2GRN
C25: =O9 -> ELT

Sheet DemTechs_TPS
B1: Sector Name | C1: Description | D1: Type | E1: Default Unit | F1: Currency Unit | H1: Existing
B2: TPS | C2: Total Primary Supply | D2: ="Demand Technology" -> Demand Technology | E2: MT | F2: =Pri_COA!H2 -> RS 2015 | H2: E | M2: ~FI_Comm
M3: Csets | N3: Region | O3: CommName | P3: CommDesc | Q3: Unit | R3: LimType | S3: CTSLvl | T3: PeakTS | U3: Ctype
M4: *Commodity Set Membership | N4: Region Name | O4: Commodity Name | P4: Commodity Description | Q4: Unit | R4: Sense of the Balance EQN. | S4: Timeslice Level | T4: Peak Monitoring | U4: Electricity Indicator
M5: DEM | O5: =Fuel_Code!A28 -> IIS | P5: =Fuel_Code!B33&" "&Fuel_Code!D3&" "&LEFT(Fuel_Code!B28,5) -> Total Primary Supply of Steel | Q5: =E2 -> MT
D8: ~FI_T | M8: ~FI_Process
B9: TechName | C9: Comm-IN | D9: Comm-OUT | E9: STOCK | F9: Share-I | G9: EFF | H9: AFA | I9: INVCOST | J9: FIXOM | K9: LIFE | M9: Sets | N9: Region | O9: TechName | P9: TechDesc | Q9: Tact | R9: Tcap | S9: Tslvl | T9: PrimaryCG | U9: Vintage
B10: *Technology Name | C10: Input Commodity | D10: Output Commodity | E10: Existing Installed Capacity | G10: Efficiency | H10: Utilisation Factor | I10: Invesctment Cost | J10: Fixed O&M Cost | K10: Lifetime | M10: *Process Set Membership | N10: Region Name | O10: Technology Name | P10: Technology Description | Q10: Activity Unit | R10: Capacity Unit | S10: TimeSlice level of Process Activity | T10: Primary Commodity Group | U10: Vintage Tracking
B11: *Units | E11: =E2&"a" -> MTa | I11: =$F$2&"/"&$E$2 -> RS 2015/MT | J11: =$F$2&"/"&$E$2&"a" -> RS 2015/MTa | K11: Years | M11: *
B12: DIIS | C12: =SEC_Process!D16 -> IISB | D12: =$O$5 -> IIS | G12: 1 | K12: 20 | M12: DMD | O12: =LEFT(M12,1)&O5 -> DIIS | P12: =D2&" "&P5 -> Demand Technology Total Primary Supply of Steel | Q12: =$E$2 -> MT | R12: =$E$2&"a" -> MTa
C13: =SEC_Process!D21 -> IISD
C23: User inputs
C24: Linked to the Energy Balance

Sheet Demands
B1: Sector Name | C1: Commodity | D1: Description | E1: Default Unit | F1: Currency Unit
B2: DEM | C2: Demand | E2: MT | F2: =Pri_COA!H2 -> RS 2015
C5: ~FI_T
B6: Attribute | C6: CommName | D6: *Unit | E6: 2025 | F6: =E6+5 -> 2030 | G6: =F6+5 -> 2035 | H6: =G6+5 -> 2040
B7: * | C7: Demand Commodity Name | D7: Demand Unit | E7: Demand Value | F7: Demand Value | G7: Demand Value | H7: Demand Value
B8: *Units
B9: =C2 -> Demand | C9: =DemTechs_TPS!O5 -> IIS | D9: MT | E9: =Demand_Projection!B28 -> 166.99925 | F9: =Demand_Projection!B33 -> 240.62596 | G9: =Demand_Projection!B38 -> 346.71326 | H9: =Demand_Projection!B43 -> 499.57239
C21: User inputs
C22: Linked to the Energy Balance
